{"train_acc": 0.3881799876689911, "train_loss": 0.012849546037614346, "valid_acc": 0.004999999888241291, "val_loss": 0.00017222505994141102, "dir_energy": 1.5775073234161839e-12, "_timestamp": 1684187287.7215326, "_runtime": 361.53741550445557, "_step": 4, "_wandb": {"runtime": 394}}