{"train_acc": 0.5692200064659119, "train_loss": 0.009363573044538498, "valid_acc": 0.49409055709838867, "val_loss": 0.011042913421988487, "dir_energy": 3.612477554569935e-12, "_timestamp": 1684194768.4416504, "_runtime": 3864.9345474243164, "_step": 49, "_wandb": {"runtime": 3864}}