{"train_acc": 0.2459999918937683, "train_loss": 0.015302598476409912, "valid_acc": 0.002966772299259901, "val_loss": 0.0001849888649303466, "dir_energy": 1.2876432561878155e-12, "_timestamp": 1684188726.2397077, "_runtime": 75.34719562530518, "_step": 0, "_wandb": {"runtime": 137}}