{"train_acc": 0.5084399580955505, "train_loss": 0.010573968291282654, "valid_acc": 0.0044999998062849045, "val_loss": 0.00017145562742371112, "dir_energy": 1.4789146174728946e-12, "_timestamp": 1684190489.3641782, "_runtime": 1675.9441022872925, "_step": 22, "_wandb": {"runtime": 1737}}