{"train_acc": 0.5517799854278564, "train_loss": 0.00976473093032837, "valid_acc": 0.4811698794364929, "val_loss": 0.012218305841088295, "dir_energy": 5.041279658074726e-12, "_timestamp": 1684216096.2608187, "_runtime": 5910.253044605255, "_step": 49, "_wandb": {"runtime": 5908}}