{"train_acc": 0.567359983921051, "train_loss": 0.009327895939350128, "valid_acc": 0.5055088400840759, "val_loss": 0.010876552201807499, "dir_energy": 2.8283857010974128e-12, "_timestamp": 1684202923.1146734, "_runtime": 4141.205762386322, "_step": 49, "_wandb": {"runtime": 4139}}