{"train_acc": 0.5077199935913086, "train_loss": 0.01043626293540001, "valid_acc": 0.3834134638309479, "val_loss": 0.018866274505853653, "dir_energy": 4.491929268115632, "_timestamp": 1684234010.8514209, "_runtime": 4037.431492805481, "_step": 49, "_wandb": {"runtime": 4036}}