{"train_acc": 0.1652199923992157, "train_loss": 0.017049599438905716, "valid_acc": 0.16586539149284363, "val_loss": 0.017204826697707176, "dir_energy": 123.32381350135148, "_timestamp": 1684198776.6846879, "_runtime": 4002.419681787491, "_step": 49, "_wandb": {"runtime": 4001}}