{"train_acc": 0.4592599868774414, "train_loss": 0.011560866609215736, "valid_acc": 0.004907852504402399, "val_loss": 0.00015969698142725974, "dir_energy": 1.5637071634131147e-12, "_timestamp": 1684188557.760644, "_runtime": 788.6655440330505, "_step": 10, "_wandb": {"runtime": 847}}