{"train_acc": 0.25628000497817993, "train_loss": 0.01516939327120781, "valid_acc": 0.0033482143189758062, "val_loss": 0.00018416250532027334, "dir_energy": 2.0171450791529723e-12, "_timestamp": 1684187688.2636018, "_runtime": 75.26340389251709, "_step": 0, "_wandb": {"runtime": 123}}