{"train_acc": 0.22207999229431152, "train_loss": 0.01607418991625309, "valid_acc": 0.23427484929561615, "val_loss": 0.015963278710842133, "dir_energy": 2.2755739585850895e-12, "_timestamp": 1684250837.444985, "_runtime": 295.07704186439514, "_step": 2, "_wandb": {"runtime": 369}}