{"train_acc": 0.299919992685318, "train_loss": 0.01425237488001585, "valid_acc": 0.004607371985912323, "val_loss": 0.0001736649574013427, "dir_energy": 1.6630382211820838e-12, "_timestamp": 1684187545.7641447, "_runtime": 146.50072956085205, "_step": 1, "_wandb": {"runtime": 188}}