{"train_acc": 0.5687199831008911, "train_loss": 0.009315919131040573, "valid_acc": 0.4865785241127014, "val_loss": 0.011433458887040615, "dir_energy": 0.11663524218042386, "_timestamp": 1684210178.8111074, "_runtime": 7249.995461463928, "_step": 49, "_wandb": {"runtime": 7248}}